System Properties:
Operating System:	 Microsoft Windows NT 6.1.7601 Service Pack 1
System User Name:	 Tobii
Machine Name:	 TOBII-PC

Data properties:

Recording name:	 Manon_bad_tracking
Recording date:	 8/20/2013
Recording time:	 12:30:39 PM
Recording resolution:	 1024 x 768
Recording screen size in millimeter:	 338 x 273.998

Export date:	 8/20/2013
Export time:	 12:36:21 PM

Participant:	 Manon test
Timestamp	Event	EventKey	Data1	Data2	Descriptor	
188	ScreenRecStarted	8192	0	0		
7794	LeftMouseClick	1	291	567		
9465	LeftMouseClick	1	634	571		
11089	LeftMouseClick	1	426	240		
13185	LeftMouseClick	1	448	358		
14497	LeftMouseClick	1	300	288		
14657	LeftMouseClick	1	300	288		
19513	LeftMouseClick	1	311	349		
19673	LeftMouseClick	1	311	349		
20929	LeftMouseClick	1	362	270		
21097	LeftMouseClick	1	362	270		
24649	LeftMouseClick	1	644	513		
36376	LeftMouseClick	1	663	699		
40992	LeftMouseClick	1	450	442		
42522	KeyPress	4	0	0	None	
42632	KeyPress	4	77	0	M	
42760	KeyPress	4	65	0	A	
42840	KeyPress	4	78	0	N	
42952	KeyPress	4	79	0	O	
43048	KeyPress	4	78	0	N	
44008	KeyPress	4	0	0	None	
44312	KeyPress	4	189	0	OemMinus	
44776	KeyPress	4	66	0	B	
44904	KeyPress	4	65	0	A	
45016	KeyPress	4	68	0	D	
45208	KeyPress	4	0	0	None	
45304	KeyPress	4	189	0	OemMinus	
46232	KeyPress	4	84	0	T	
46376	KeyPress	4	82	0	R	
46552	KeyPress	4	65	0	A	
46824	KeyPress	4	67	0	C	
46968	KeyPress	4	75	0	K	
47208	KeyPress	4	71	0	G	
47304	KeyPress	4	73	0	I	
47448	KeyPress	4	78	0	N	
47752	KeyPress	4	8	0	Back	
47864	KeyPress	4	8	0	Back	
48504	KeyPress	4	73	0	I	
48584	KeyPress	4	78	0	N	
48680	KeyPress	4	71	0	G	
50536	KeyPress	4	8	0	Back	
50664	KeyPress	4	8	0	Back	
50792	KeyPress	4	8	0	Back	
51816	KeyPress	4	8	0	Back	
52552	KeyPress	4	73	0	I	
52616	KeyPress	4	78	0	N	
52680	KeyPress	4	71	0	G	
53728	LeftMouseClick	1	424	244		
56824	LeftMouseClick	1	417	304		
58816	LeftMouseClick	1	334	297		
60616	LeftMouseClick	1	334	295		
60792	LeftMouseClick	1	334	295		
61576	LeftMouseClick	1	288	291		
62712	LeftMouseClick	1	707	394		
63903	LeftMouseClick	1	280	290		
65911	LeftMouseClick	1	285	293		
66599	LeftMouseClick	1	285	293		
70015	LeftMouseClick	1	586	353		
70951	LeftMouseClick	1	325	288		
72023	LeftMouseClick	1	473	238		
74567	LeftMouseClick	1	345	261		
79231	LeftMouseClick	1	625	518		
88807	KeyPress	4	32	0	Space	
102598	LeftMouseClick	1	285	615		
104774	LeftMouseClick	1	555	386		
109638	LeftMouseClick	1	707	554		
111182	LeftMouseClick	1	508	399		
116726	KeyPress	4	32	0	Space	
129533	LeftMouseClick	1	463	584		
130765	LeftMouseClick	1	563	417		
132269	LeftMouseClick	1	352	523		
134805	LeftMouseClick	1	528	389		
140813	LeftMouseClick	1	624	388		
142661	KeyPress	4	32	0	Space	
154637	LeftMouseClick	1	561	383		
155532	LeftMouseClick	1	561	383		
157100	LeftMouseClick	1	348	575		
158997	LeftMouseClick	1	490	357		
159405	ScreenRecStopped	16384	0	0		
