System Properties:
Operating System:	 Microsoft Windows NT 6.1.7601 Service Pack 1
System User Name:	 Tobii
Machine Name:	 TOBII-PC

Data properties:

Recording name:	 Manon_delay_tracking_Aug 20
Recording date:	 8/20/2013
Recording time:	 12:38:57 PM
Recording resolution:	 1024 x 768
Recording screen size in millimeter:	 338 x 273.998

Export date:	 8/20/2013
Export time:	 12:41:01 PM

Participant:	 Manon test
Timestamp	Event	EventKey	Data1	Data2	Descriptor	
239	ScreenRecStarted	8192	0	0		
2686	LeftMouseClick	1	291	568		
3525	LeftMouseClick	1	731	568		
4877	LeftMouseClick	1	615	572		
6733	LeftMouseClick	1	433	227		
8237	LeftMouseClick	1	398	360		
9933	LeftMouseClick	1	324	292		
10053	LeftMouseClick	1	324	292		
10269	LeftMouseClick	1	324	292		
12733	LeftMouseClick	1	341	354		
12909	LeftMouseClick	1	341	354		
13989	LeftMouseClick	1	362	275		
14261	LeftMouseClick	1	362	275		
15645	LeftMouseClick	1	640	515		
18037	LeftMouseClick	1	572	701		
19909	LeftMouseClick	1	451	444		
20749	KeyPress	4	0	0	None	
20973	KeyPress	4	77	0	M	
21133	KeyPress	4	65	0	A	
21181	KeyPress	4	78	0	N	
21293	KeyPress	4	79	0	O	
21357	KeyPress	4	78	0	N	
21933	KeyPress	4	0	0	None	
22109	KeyPress	4	189	0	OemMinus	
22653	KeyPress	4	68	0	D	
22973	KeyPress	4	69	0	E	
23117	KeyPress	4	76	0	L	
23229	KeyPress	4	65	0	A	
23341	KeyPress	4	89	0	Y	
23725	KeyPress	4	0	0	None	
24157	KeyPress	4	189	0	OemMinus	
24541	KeyPress	4	82	0	R	
24957	KeyPress	4	8	0	Back	
25069	KeyPress	4	84	0	T	
25245	KeyPress	4	82	0	R	
25373	KeyPress	4	65	0	A	
25581	KeyPress	4	67	0	C	
25725	KeyPress	4	75	0	K	
25949	KeyPress	4	71	0	G	
26061	KeyPress	4	73	0	I	
26141	KeyPress	4	78	0	N	
27245	KeyPress	4	8	0	Back	
27389	KeyPress	4	8	0	Back	
28061	KeyPress	4	8	0	Back	
28509	KeyPress	4	73	0	I	
28589	KeyPress	4	78	0	N	
28685	KeyPress	4	71	0	G	
29725	KeyPress	4	0	0	None	
29965	KeyPress	4	189	0	OemMinus	
30557	KeyPress	4	0	0	None	
30684	KeyPress	4	65	0	A	
31132	KeyPress	4	85	0	U	
31308	KeyPress	4	71	0	G	
31708	KeyPress	4	50	0	D2	
31821	KeyPress	4	48	0	D0	
32732	KeyPress	4	37	0	Left	
32860	KeyPress	4	37	0	Left	
33436	KeyPress	4	32	0	Space	
35053	LeftMouseClick	1	379	237		
37444	LeftMouseClick	1	362	264		
41412	LeftMouseClick	1	621	511		
49036	KeyPress	4	32	0	Space	
62908	LeftMouseClick	1	298	571		
63836	LeftMouseClick	1	569	426		
64715	LeftMouseClick	1	682	187		
65443	LeftMouseClick	1	457	363		
68763	LeftMouseClick	1	470	367		
70523	KeyPress	4	32	0	Space	
82867	LeftMouseClick	1	696	380		
83547	LeftMouseClick	1	574	382		
84859	LeftMouseClick	1	299	520		
85835	LeftMouseClick	1	510	369		
87995	KeyPress	4	32	0	Space	
101730	LeftMouseClick	1	723	561		
102338	LeftMouseClick	1	439	351		
103042	LeftMouseClick	1	690	198		
103690	LeftMouseClick	1	583	442		
104048	ScreenRecStopped	16384	0	0		
