System Properties:
Operating System:	 Microsoft Windows NT 6.1.7601 Service Pack 1
System User Name:	 Tobii
Machine Name:	 TOBII-PC

Data properties:

Recording name:	 Manon_anticip_tracking_Aug 20
Recording date:	 8/20/2013
Recording time:	 12:45:34 PM
Recording resolution:	 1024 x 768
Recording screen size in millimeter:	 338 x 273.998

Export date:	 8/20/2013
Export time:	 12:47:34 PM

Participant:	 Manon test
Timestamp	Event	EventKey	Data1	Data2	Descriptor	
277	ScreenRecStarted	8192	0	0		
2586	LeftMouseClick	1	293	572		
3138	LeftMouseClick	1	709	561		
5962	LeftMouseClick	1	433	242		
7218	LeftMouseClick	1	397	358		
8354	LeftMouseClick	1	337	289		
8498	LeftMouseClick	1	337	289		
10234	LeftMouseClick	1	377	369		
10434	LeftMouseClick	1	377	369		
12138	LeftMouseClick	1	599	241		
13802	LeftMouseClick	1	374	315		
14674	LeftMouseClick	1	307	351		
14826	LeftMouseClick	1	307	351		
15658	LeftMouseClick	1	371	277		
16018	LeftMouseClick	1	371	277		
16818	LeftMouseClick	1	638	517		
17978	LeftMouseClick	1	666	701		
19849	LeftMouseClick	1	448	447		
20545	KeyPress	4	0	0	None	
20737	KeyPress	4	77	0	M	
20930	KeyPress	4	65	0	A	
20977	KeyPress	4	78	0	N	
21089	KeyPress	4	79	0	O	
21169	KeyPress	4	78	0	N	
21425	KeyPress	4	0	0	None	
21825	KeyPress	4	189	0	OemMinus	
23105	KeyPress	4	65	0	A	
23265	KeyPress	4	78	0	N	
23521	KeyPress	4	84	0	T	
23649	KeyPress	4	73	0	I	
23841	KeyPress	4	67	0	C	
23953	KeyPress	4	73	0	I	
24129	KeyPress	4	80	0	P	
24737	KeyPress	4	0	0	None	
24929	KeyPress	4	189	0	OemMinus	
25441	KeyPress	4	0	0	None	
25665	KeyPress	4	65	0	A	
26385	KeyPress	4	8	0	Back	
26769	KeyPress	4	8	0	Back	
27249	KeyPress	4	0	0	None	
27473	KeyPress	4	189	0	OemMinus	
27777	KeyPress	4	84	0	T	
27921	KeyPress	4	82	0	R	
28065	KeyPress	4	65	0	A	
28353	KeyPress	4	67	0	C	
28465	KeyPress	4	75	0	K	
28657	KeyPress	4	73	0	I	
28785	KeyPress	4	78	0	N	
28865	KeyPress	4	71	0	G	
29425	KeyPress	4	0	0	None	
29617	KeyPress	4	189	0	OemMinus	
31441	KeyPress	4	0	0	None	
31585	KeyPress	4	65	0	A	
31921	KeyPress	4	85	0	U	
32049	KeyPress	4	71	0	G	
32241	KeyPress	4	32	0	Space	
32513	KeyPress	4	50	0	D2	
32625	KeyPress	4	48	0	D0	
34321	LeftMouseClick	1	485	238		
36121	LeftMouseClick	1	377	260		
37449	LeftMouseClick	1	638	516		
42769	KeyPress	4	32	0	Space	
56400	LeftMouseClick	1	358	436		
57896	LeftMouseClick	1	303	403		
58512	LeftMouseClick	1	555	399		
59456	LeftMouseClick	1	686	192		
60288	LeftMouseClick	1	496	440		
62704	KeyPress	4	32	0	Space	
76936	LeftMouseClick	1	514	595		
77528	LeftMouseClick	1	521	405		
78608	LeftMouseClick	1	670	580		
79376	LeftMouseClick	1	480	400		
81967	KeyPress	4	32	0	Space	
94887	LeftMouseClick	1	774	416		
95463	LeftMouseClick	1	547	373		
96407	LeftMouseClick	1	328	183		
96871	LeftMouseClick	1	454	364		
97270	ScreenRecStopped	16384	0	0		
