System Properties:
Operating System:	 Microsoft Windows NT 6.1.7601 Service Pack 1
System User Name:	 Tobii
Machine Name:	 TOBII-PC

Data properties:

Recording name:	 Lucy test Aug 20
Recording date:	 8/20/2013
Recording time:	 12:18:45 PM
Recording resolution:	 1024 x 768
Recording screen size in millimeter:	 338 x 273.998

Export date:	 8/20/2013
Export time:	 12:24:01 PM

Participant:	 test
Timestamp	Event	EventKey	Data1	Data2	Descriptor	
234	ScreenRecStarted	8192	0	0		
10891	LeftMouseClick	1	289	572		
14130	LeftMouseClick	1	729	571		
16698	LeftMouseClick	1	619	229		
20162	LeftMouseClick	1	297	289		
27618	LeftMouseClick	1	301	309		
28786	LeftMouseClick	1	290	312		
28986	LeftMouseClick	1	290	312		
31162	LeftMouseClick	1	346	273		
31338	LeftMouseClick	1	346	273		
33234	LeftMouseClick	1	626	238		
33625	LeftMouseClick	1	626	238		
33817	LeftMouseClick	1	626	238		
34010	LeftMouseClick	1	626	238		
34322	LeftMouseClick	1	626	238		
34761	LeftMouseClick	1	626	238		
34930	LeftMouseClick	1	626	238		
35145	LeftMouseClick	1	626	238		
39689	LeftMouseClick	1	527	332		
39841	LeftMouseClick	1	527	333		
42193	LeftMouseClick	1	628	233		
44569	LeftMouseClick	1	533	351		
44729	LeftMouseClick	1	533	351		
47377	LeftMouseClick	1	621	229		
48481	LeftMouseClick	1	564	273		
48609	LeftMouseClick	1	564	273		
49553	LeftMouseClick	1	626	240		
54545	LeftMouseClick	1	383	369		
54737	LeftMouseClick	1	384	370		
55921	LeftMouseClick	1	625	237		
57401	LeftMouseClick	1	514	373		
57537	LeftMouseClick	1	514	373		
59193	LeftMouseClick	1	632	237		
60617	LeftMouseClick	1	555	339		
60833	LeftMouseClick	1	555	339		
64753	LeftMouseClick	1	362	290		
64929	LeftMouseClick	1	364	291		
66568	LeftMouseClick	1	631	233		
67080	LeftMouseClick	1	631	233		
68192	LeftMouseClick	1	534	355		
68360	LeftMouseClick	1	534	355		
70704	LeftMouseClick	1	324	292		
71000	LeftMouseClick	1	324	292		
74672	LeftMouseClick	1	626	238		
78576	LeftMouseClick	1	625	233		
79544	LeftMouseClick	1	625	232		
79720	LeftMouseClick	1	625	232		
80888	LeftMouseClick	1	335	270		
85152	LeftMouseClick	1	551	294		
85488	LeftMouseClick	1	551	294		
88608	LeftMouseClick	1	375	266		
88904	LeftMouseClick	1	375	266		
90216	LeftMouseClick	1	640	517		
104855	LeftMouseClick	1	553	700		
116928	KeyPress	4	0	0	None	
117023	KeyPress	4	76	0	L	
117215	KeyPress	4	85	0	U	
117311	KeyPress	4	67	0	C	
117391	KeyPress	4	89	0	Y	
117871	KeyPress	4	0	0	None	
117951	KeyPress	4	189	0	OemMinus	
118175	KeyPress	4	71	0	G	
118271	KeyPress	4	79	0	O	
118383	KeyPress	4	79	0	O	
118495	KeyPress	4	68	0	D	
118719	KeyPress	4	0	0	None	
118767	KeyPress	4	189	0	OemMinus	
119071	KeyPress	4	84	0	T	
119279	KeyPress	4	82	0	R	
119375	KeyPress	4	65	0	A	
119567	KeyPress	4	67	0	C	
119711	KeyPress	4	75	0	K	
120527	KeyPress	4	73	0	I	
120639	KeyPress	4	78	0	N	
120927	KeyPress	4	71	0	G	
121727	LeftMouseClick	1	552	212		
122247	LeftMouseClick	1	626	231		
123055	LeftMouseClick	1	626	230		
124047	LeftMouseClick	1	653	236		
124655	LeftMouseClick	1	624	227		
126991	LeftMouseClick	1	653	512		
141134	KeyPress	4	32	0	Space	
157054	LeftMouseClick	1	291	382		
158549	LeftMouseClick	1	570	415		
162101	LeftMouseClick	1	323	216		
163381	LeftMouseClick	1	534	409		
167309	KeyPress	4	32	0	Space	
184229	LeftMouseClick	1	473	701		
184901	LeftMouseClick	1	635	330		
186117	LeftMouseClick	1	345	201		
187044	LeftMouseClick	1	556	465		
188860	KeyPress	4	32	0	Space	
206012	LeftMouseClick	1	583	208		
206812	LeftMouseClick	1	514	453		
207964	LeftMouseClick	1	351	228		
208612	LeftMouseClick	1	600	480		
209214	ScreenRecStopped	16384	0	0		
